[{ "emoji": "\\ud83d\\ude02", "state": 1, "value": 41432, "lat": -33.88925, "lng": 151.20289 }, { "emoji": "\\ud83d\\ude4f", "state": 1, "value": 20513, "lat": -31.867983, "lng": 145.482869 }, { "emoji": "\\ud83d\\udd25", "state": 1, "value": 16614, "lat": -34.30041, "lng": 146.00359 }, { "emoji": "\\ud83d\\udc4f", "state": 1, "value": 12775, "lat": -30.246269, "lng": 151.770008 }, { "emoji": "\\ud83d\\ude02", "state": 2, "value": 40817, "lat": -37.378, "lng": 148.2917145 }, { "emoji": "\\ud83d\\udc4f", "state": 2, "value": 14341, "lat": -35.120197, "lng": -35.120197 }, { "emoji": "\\ud83d\\udc4d", "state": 2, "value": 9851, "lat": -37.319106, "lng": 142.042143 }, { "emoji": "\\ud83d\\udc99", "state": 2, "value": 9381, "lat": -37.810708, "lng": 144.943841 }, { "emoji": "\\ud83d\\ude02", "state": 3, "value": 20146, "lat": -25.333298, "lng": 148.448364 }, { "emoji": "\\ud83d\\udc4f", "state": 3, "value": 7926, "lat": -20.784911, "lng": 143.141402 }, { "emoji": "\\ud83d\\udd25", "state": 3, "value": 7532, "lat": -25.161405, "lng": 142.719402 }, { "emoji": "\\ud83d\\ude4f", "state": 3, "value": 6766, "lat": -25.88792, "lng": 150.135953 }, { "emoji": "\\ud83d\\ude02", "state": 4, "value": 6997, "lat": -27.835395, "lng": 132.238445 }, { "emoji": "\\ud83d\\ude2d", "state": 4, "value": 2264, "lat": -27.990725, "lng": 136.105632 }, { "emoji": "\\ud83d\\udc4f", "state": 4, "value": 2108, "lat": -31.199844, "lng": 134.281902 }, { "emoji": "\\ud83d\\ude44", "state": 4, "value": 2025, "lat": -27.777637, "lng": 138.593487 }, { "emoji": "\\ud83d\\ude02", "state": 5, "value": 11216, "lat": -23.795314, "lng": 123.582026 }, { "emoji": "\\ud83d\\udc69", "state": 5, "value": 7268, "lat": -27.750771, "lng": 120.217498 }, { "emoji": "\\ud83d\\udd25", "state": 5, "value": 4023, "lat": -23.577826, "lng": 117.169632 }, { "emoji": "\\ud83d\\ude4f", "state": 5, "value": 2970, "lat": -32.357818, "lng": 118.297103 }, { "emoji": "\\ud83d\\ude02", "state": 6, "value": 1831, "lat": -41.105413, "lng": 144.981159 }, { "emoji": "\\ud83d\\udd25", "state": 6, "value": 890, "lat": -43.414207, "lng": 146.431354 }, { "emoji": "\\ud83d\\udc4f", "state": 6, "value": 666, "lat": -41.105413, "lng": 148.013385 }, { "emoji": "\\ud83d\\ude01", "state": 6, "value": 517, "lat": -42.102924, "lng": 146.571117 }, { "emoji": "\\ud83d\\ude02", "state": 7, "value": 909, "lat": -22.192125, "lng": 133.121451 }, { "emoji": "\\ud83d\\ude4f", "state": 7, "value": 394, "lat": -18.744005, "lng": 131.379813 }, { "emoji": "\\ud83d\\udc4f", "state": 7, "value": 371, "lat": -18.744005, "lng": 136.327648 }, { "emoji": "\\ud83d\\udc96", "state": 7, "value": 354, "lat": -14.142042, "lng": 133.118243 }]