[{ "emoji": "\\ud83d\\ude02", "data": [{ "x": "positive", "y": 3 }, { "x": "neutral", "y": 2 }, { "x": "negative", "y": 95 }] },
    { "emoji": "\\ud83d\\ude4f", "data": [{ "x": "positive", "y": 15 }, { "x": "neutral", "y": 4 }, { "x": "negative", "y": 81 }] },
    { "emoji": "\\ud83d\\udc4f", "data": [{ "x": "positive", "y": 11 }, { "x": "neutral", "y": 3 }, { "x": "negative", "y": 86 }] },
    { "emoji": "\\ud83d\\udd25", "data": [{ "x": "positive", "y": 3 }, { "x": "neutral", "y": 1 }, { "x": "negative", "y": 96 }] },
    { "emoji": "\\ud83d\\udc4d", "data": [{ "x": "positive", "y": 12 }, { "x": "neutral", "y": 3 }, { "x": "negative", "y": 85 }] }
]